rollout/ep_rew_mean,rollout/ep_len_mean,time/time_elapsed,time/iterations,time/fps,time/total_timesteps,train/policy_gradient_loss,train/value_loss,train/clip_fraction,train/approx_kl,train/clip_range,train/entropy_loss,train/learning_rate,train/n_updates,train/loss,train/explained_variance,eval/mean_ep_length,eval/mean_reward
-97.85,6.24,4,1,927,4096,,,,,,,,,,,,
-91.92,7.72,26,2,313,8192,-0.01059317457213183,6657.14448059082,0.23572998046875,0.029579496,0.2,-3.167520073056221,1e-05,100,2204.2138671875,0.015733659267425537,,
-92.16,5.52,47,3,257,12288,-0.006935171747172717,4216.504494934082,0.27484130859375,0.03739152,0.2,-3.1968537995219233,1e-05,200,2289.619873046875,-0.0389019250869751,,
-116.36,8.67,69,4,236,16384,0.011172974491491914,1895.7194538879394,0.27881591796875,0.039545618,0.2,-3.1597768598794937,1e-05,300,786.6024169921875,0.025395750999450684,,
-92.9,7.57,90,5,226,20480,-0.007472517463975236,11912.389196166992,0.2842724609375,0.1208733,0.2,-2.9763294902443884,1e-05,400,5022.92431640625,-0.05064570903778076,,
-92.68,8.19,112,6,218,24576,0.026419476063747425,1916.1271925354004,0.255498046875,0.05056713,0.2,-3.0899839115142824,1e-05,500,916.517822265625,-0.09733307361602783,,
-89.33,7.58,134,7,213,28672,0.0010416673935833387,2097.5864866638185,0.22425048828125,0.027045403,0.2,-3.0736230701208114,1e-05,600,732.130615234375,0.054537415504455566,,
-91.43,6.53,155,8,210,32768,-3.4885379136539996e-05,2055.090410308838,0.218427734375,0.027658822,0.2,-3.008024114370346,1e-05,700,867.1688232421875,0.06113773584365845,,
-84.15,8.27,177,9,207,36864,-0.014471283579769078,8336.209224853515,0.2210205078125,0.041108772,0.2,-2.9530896764993666,1e-05,800,3695.560791015625,0.037010133266448975,,
-117.31,11.84,199,10,205,40960,0.031114015887433198,2258.7832658386233,0.2373583984375,0.048888396,0.2,-3.146418944597244,1e-05,900,1067.7120361328125,0.0027309656143188477,,
-87.62,7.55,221,11,203,45056,-0.0046269711284548974,12228.513248291016,0.2884814453125,0.10293556,0.2,-2.9026286020874976,1e-05,1000,4192.8974609375,0.004583775997161865,,
-89.31,5.59,243,12,201,49152,0.0013029510212072637,8473.28458984375,0.2201611328125,0.089536816,0.2,-2.9314588949084284,1e-05,1100,2654.88525390625,-0.08237707614898682,,
-92.22,9.11,265,13,200,53248,0.028187192265759223,2637.769055786133,0.26841796875,0.043885984,0.2,-3.0562475046515463,1e-05,1200,1288.1380615234375,-0.07513797283172607,,
-93.49,6.79,287,14,199,57344,0.008923936107603368,4226.473605041504,0.1938427734375,0.03938831,0.2,-2.9856241226196287,1e-05,1300,1585.75830078125,0.08203065395355225,,
-82.52,8.86,309,15,198,61440,0.016413102028527648,2585.2536917114257,0.210048828125,0.043118514,0.2,-3.01623128503561,1e-05,1400,1064.4410400390625,0.08215141296386719,,
-87.42,9.2,330,16,198,65536,-0.004099684777465882,3840.264340209961,0.143515625,0.025635138,0.2,-2.9525505352020263,1e-05,1500,1578.7061767578125,0.10230857133865356,,
-87.99,8.69,352,17,197,69632,0.010721480233332841,2141.6746546936033,0.23925537109375,0.04232154,0.2,-3.009912132024765,1e-05,1600,998.5267333984375,-0.006711006164550781,,
-87.82,9.04,374,18,196,73728,0.0004052788921399042,7383.23381652832,0.25297119140625,0.096850365,0.2,-2.9147248750925066,1e-05,1700,2771.16748046875,-0.01305234432220459,,
,,,,,75000,-0.003604396668379195,3613.201683654785,0.16872314453125,0.031379506,0.2,-2.9627104556560515,1e-05,1800,1632.6683349609375,0.06455379724502563,1.0,-105.0
-84.0,7.18,397,19,195,77824,,,,,,,,,,,,
-89.89,7.83,418,20,195,81920,0.0155551619407197,2148.6755642700195,0.252216796875,0.034771185,0.2,-3.0223190712928774,1e-05,1900,1025.0240478515625,0.11589455604553223,,
-92.75,11.22,440,21,195,86016,0.019252406512678136,2478.1142018127443,0.21854736328125,0.04037074,0.2,-3.0119789999723436,1e-05,2000,1227.322265625,0.1482037901878357,,
-95.91,6.66,463,22,194,90112,0.0020554984126647468,8223.20940673828,0.3884033203125,0.081347704,0.2,-2.935691056251526,1e-05,2100,3092.458251953125,0.05934339761734009,,
-102.0,9.2,485,23,194,94208,0.02912120316817891,1623.8923372650147,0.27574951171875,0.085266955,0.2,-2.9233466932177543,1e-05,2200,794.0468139648438,-0.2612820863723755,,
-80.64,7.05,507,24,193,98304,-0.0020090812515991276,5350.010097351074,0.20976806640625,0.047728308,0.2,-2.9212959361076356,1e-05,2300,1788.5003662109375,0.08860063552856445,,
-96.31,8.78,529,25,193,102400,0.010747151224204572,2188.7437408447267,0.2282421875,0.036414243,0.2,-3.01987466186285,1e-05,2400,1017.20703125,0.06214183568954468,,
-90.08,6.83,550,26,193,106496,0.01385530649600696,4243.168481445313,0.169072265625,0.063440174,0.2,-2.945685355067253,1e-05,2500,1747.0482177734375,0.0073860883712768555,,
-80.36,8.71,572,27,193,110592,0.005335951556771761,2079.8495140075684,0.26364013671875,0.030164823,0.2,-2.945341520011425,1e-05,2600,863.3306274414062,0.13640785217285156,,
-94.61,4.51,595,28,192,114688,0.00650113384173892,6499.189754638672,0.37248046875,0.09235919,0.2,-2.8160143968462945,1e-05,2700,2415.671630859375,0.17707222700119019,,
-86.81,5.69,617,29,192,118784,-0.0018357338053465355,1598.8090699768065,0.36448974609375,0.04548437,0.2,-2.864091702401638,1e-05,2800,831.3641967773438,-0.0022336244583129883,,
-88.38,5.98,639,30,192,122880,0.0013599037668609525,2703.1830560302733,0.0998388671875,0.025091585,0.2,-2.8356472134590147,1e-05,2900,921.4191284179688,0.19640493392944336,,
-89.84,8.17,660,31,192,126976,-0.00545637770119356,1988.5520307922363,0.26552734375,0.025218267,0.2,-2.8896932598948477,1e-05,3000,1008.7149047851562,0.044281184673309326,,
-85.07,7.36,682,32,192,131072,0.015129960603371729,4049.4354315185547,0.185263671875,0.04365381,0.2,-2.9373385009169577,1e-05,3100,1362.3023681640625,0.10786962509155273,,
-98.99,9.01,703,33,192,135168,0.0057827835685748145,5373.175852050781,0.20908935546875,0.051651917,0.2,-2.8381631180644034,1e-05,3200,1548.681640625,0.34106945991516113,,
-148.92,8.08,725,34,191,139264,0.01693445759039605,11763.356888427734,0.18679443359375,0.034432128,0.2,-2.768399981558323,1e-05,3300,4069.893310546875,0.5649708807468414,,
-95.69,4.09,747,35,191,143360,0.00026839418183953966,14435.292391967774,0.31028564453125,0.08453885,0.2,-2.6405941835045814,1e-05,3400,5291.51318359375,0.6536971032619476,,
-90.16,4.95,769,36,191,147456,-0.0033747467704233714,1476.0388120269774,0.33568115234375,0.030512298,0.2,-2.6981253364682196,1e-05,3500,580.7899780273438,-1.7891147136688232,,
,,,,,150000,-0.005551361580146476,1752.5007452392579,0.2791796875,0.030372098,0.2,-2.7815704575181006,1e-05,3600,724.1055297851562,0.11535954475402832,1.0,-105.0
-92.36,6.7,791,37,191,151552,,,,,,,,,,,,
-88.66,7.72,813,38,191,155648,-0.003614118908226374,2128.669977722168,0.26291015625,0.023017801,0.2,-2.822952741086483,1e-05,3700,795.004638671875,0.13377881050109863,,
-98.71,8.05,835,39,191,159744,0.0007920257368823514,1916.1511422729493,0.3113623046875,0.034633964,0.2,-2.8382971799373626,1e-05,3800,839.2394409179688,0.1423361897468567,,
-192.37,9.31,857,40,191,163840,0.009469464863359462,7221.08522064209,0.2592333984375,0.040322818,0.2,-2.7527555510401727,1e-05,3900,2307.861572265625,0.2296580672264099,,
-324.23,11.31,879,41,191,167936,0.03070909697096795,15627.75146484375,0.20142822265625,0.052887462,0.2,-2.7251620802283285,1e-05,4000,4362.5869140625,0.5882220268249512,,
-357.57,10.21,900,42,190,172032,0.045684164739213884,30638.92804199219,0.24366455078125,0.075028,0.2,-2.6240462136268614,1e-05,4100,11589.447265625,0.7103541195392609,,
-144.07,3.51,922,43,190,176128,0.006442886774166255,34892.104431152344,0.289970703125,0.06468251,0.2,-2.5412997847795484,1e-05,4200,15240.4658203125,0.6835258901119232,,
-146.94,3.47,945,44,190,180224,-0.014109839185839518,58482.47295898438,0.3553857421875,0.058894437,0.2,-2.2869353231787684,1e-05,4300,23212.54296875,0.6159572303295135,,
-102.07,1.54,968,45,190,184320,0.0023714891348208767,42433.05949707031,0.4066162109375,0.06213999,0.2,-1.772928042858839,1e-05,4400,16001.580078125,0.6546079218387604,,
-102.3,1.45,991,46,190,188416,0.0038469579283264468,13434.835561523438,0.1742626953125,0.03540881,0.2,-1.4777983705699445,1e-05,4500,5270.50732421875,0.792528435587883,,
-101.49,1.53,1014,47,189,192512,-0.0024542191474029094,3845.3346733093263,0.11153564453125,0.02234637,0.2,-1.4320723609626294,1e-05,4600,1366.336669921875,0.8623883426189423,,
-102.28,1.61,1036,48,189,196608,0.0004939266393193976,2379.6904991531374,0.29353759765625,0.04462847,0.2,-1.7300356622040272,1e-05,4700,925.3175659179688,0.7467211186885834,,
-98.71,2.4,1059,49,189,200704,-0.013301828090043273,2139.225227470398,0.45440673828125,0.06446276,0.2,-1.9802941799163818,1e-05,4800,291.6835021972656,0.8261592090129852,,
-91.07,2.78,1081,50,189,204800,-0.012841550880111754,847.0650772476197,0.608671875,0.036433183,0.2,-2.171132805049419,1e-05,4900,330.4462585449219,0.6936634480953217,,
-88.97,3.94,1103,51,189,208896,-0.022721746890747452,1508.1389768981933,0.5873095703125,0.027800096,0.2,-2.2639511522650717,1e-05,5000,862.4388427734375,0.6488091051578522,,
-89.18,4.8,1125,52,189,212992,-0.016371424131211825,1068.475955657959,0.405498046875,0.021469548,0.2,-2.271343494653702,1e-05,5100,431.4930725097656,0.04447674751281738,,
-88.58,6.26,1147,53,189,217088,-0.014139043843897525,2089.272554016113,0.37875244140625,0.022314526,0.2,-2.3375131925940513,1e-05,5200,909.2367553710938,0.08390581607818604,,
-91.04,8.27,1168,54,189,221184,-0.00716854244179558,2691.166557159424,0.2685888671875,0.03025977,0.2,-2.3028222420811653,1e-05,5300,1213.1397705078125,0.38492947816848755,,
,,,,,225000,-0.007349411423201673,3466.5042184448243,0.17373291015625,0.044222005,0.2,-2.284800024330616,1e-05,5400,967.1250610351562,0.31278908252716064,31.0,-1255.0
-179.87,10.22,1192,55,188,225280,,,,,,,,,,,,
-253.82,11.18,1213,56,188,229376,0.02849586832089699,11005.150259399414,0.2416552734375,0.059215505,0.2,-2.1903104564547538,1e-05,5500,2466.927001953125,0.4022133946418762,,
-276.56,10.76,1235,57,188,233472,0.04008577901739045,18123.70951538086,0.2148876953125,0.051536955,0.2,-2.1212612143158913,1e-05,5600,6170.05908203125,0.6806886494159698,,
-359.01,10.96,1256,58,189,237568,0.0319025169336237,25683.430686035157,0.31053955078125,0.035999175,0.2,-2.047275385260582,1e-05,5700,9316.51953125,0.7413770258426666,,
-100.14,5.31,1278,59,189,241664,-0.0015224997102632188,29674.273830566406,0.2761962890625,0.06257287,0.2,-2.001920394152403,1e-05,5800,11307.7001953125,0.7509945780038834,,
-108.82,4.37,1300,60,188,245760,0.011822016111691482,35160.073310546875,0.2234765625,0.06354165,0.2,-1.774961940795183,1e-05,5900,11667.7939453125,0.021920621395111084,,
-93.13,5.58,1322,61,188,249856,-0.008276110766746569,3994.6456857299804,0.1390087890625,0.016931754,0.2,-1.7192544078826903,1e-05,6000,1112.7911376953125,0.23305416107177734,,
-88.08,5.11,1344,62,188,253952,-0.007518382464768365,1337.0068506622315,0.10323486328125,0.008623667,0.2,-1.7432405191659928,1e-05,6100,509.4034729003906,-0.5510437488555908,,
-93.09,5.49,1365,63,188,258048,-0.00977486423915252,1346.1697462463378,0.215458984375,0.014304425,0.2,-1.757787551879883,1e-05,6200,652.4671020507812,0.058548688888549805,,
-89.68,6.6,1387,64,188,262144,-0.005219534944117186,1141.5588640594483,0.14254150390625,0.011047082,0.2,-1.7679803992807865,1e-05,6300,485.21356201171875,0.08257114887237549,,
-81.88,8.78,1408,65,188,266240,-0.010023860964574851,1237.8851068878173,0.23406494140625,0.017681293,0.2,-1.8289932958781718,1e-05,6400,491.5748596191406,0.1441105604171753,,
-95.02,8.7,1430,66,188,270336,-0.007570713409804739,1524.1394078063965,0.10545654296875,0.01151092,0.2,-1.8405110983550548,1e-05,6500,706.1162719726562,0.11556082963943481,,
-85.33,9.32,1452,67,188,274432,-0.00701532806357136,1215.8086251831055,0.1669921875,0.009946297,0.2,-1.8638189880549907,1e-05,6600,438.65771484375,0.21460163593292236,,
-81.78,7.65,1473,68,188,278528,-0.00779581636772491,4768.061076965332,0.19474365234375,0.04409256,0.2,-1.8018738980591298,1e-05,6700,1339.0809326171875,0.08432841300964355,,
-84.12,6.39,1495,69,188,282624,-0.011401286345062545,2373.091264038086,0.1182421875,0.02126538,0.2,-1.8254267953336238,1e-05,6800,989.1138305664062,0.09775114059448242,,
-85.41,7.85,1517,70,188,286720,-0.01136565914392122,3643.8536698913576,0.096201171875,0.012863197,0.2,-1.8444220013916492,1e-05,6900,1710.022216796875,0.017349600791931152,,
-91.64,7.47,1539,71,188,290816,-0.004440016135049518,1968.8200160217284,0.11238525390625,0.009370489,0.2,-1.8583491316437721,1e-05,7000,884.5293579101562,0.1179092526435852,,
-93.05,8.52,1560,72,188,294912,-0.007122283905337099,3657.622121887207,0.08384521484375,0.010287441,0.2,-1.8762883728742599,1e-05,7100,1383.4957275390625,-0.13779711723327637,,
-91.08,6.73,1582,73,188,299008,-0.007222489905689145,2075.0625151062013,0.1477685546875,0.011912523,0.2,-1.9186810971796513,1e-05,7200,899.8705444335938,-0.012631416320800781,,
,,,,,300000,-0.01046247835358372,4931.781265258789,0.11124267578125,0.046028282,0.2,-1.8582345706224441,1e-05,7300,2269.134765625,-0.03272747993469238,15.98,-163.95
-94.01,5.13,1606,74,188,303104,,,,,,,,,,,,
-99.9,8.33,1627,75,188,307200,-0.004093512746912893,2701.414932861328,0.119072265625,0.011003163,0.2,-1.854931948184967,1e-05,7400,1218.0538330078125,0.07090914249420166,,
-82.5,7.36,1649,76,188,311296,-0.015777898328233276,7408.348413696289,0.09677001953125,0.010085177,0.2,-1.850409458130598,1e-05,7500,3601.049560546875,-0.04344522953033447,,
-88.17,7.16,1670,77,188,315392,-0.007654733207309619,3582.138170471191,0.04847412109375,0.016131118,0.2,-1.8175872968137263,1e-05,7600,1099.462890625,-0.21335935592651367,,
-82.03,6.56,1691,78,188,319488,-0.004283944795679418,2083.752492980957,0.0913671875,0.011155245,0.2,-1.86923458263278,1e-05,7700,957.295654296875,-0.06138598918914795,,
-88.55,8.17,1713,79,188,323584,-0.01757314366608625,4254.531190185547,0.08525390625,0.027805647,0.2,-1.8500426195561885,1e-05,7800,1263.828125,0.14756858348846436,,
-90.06,7.33,1735,80,188,327680,-0.005407653642178048,2040.110262298584,0.0770068359375,0.010527562,0.2,-1.8591531056165695,1e-05,7900,820.3703002929688,-0.029020190238952637,,
-86.92,5.77,1756,81,188,331776,-0.01792892032455711,3347.474165649414,0.0460791015625,0.049243268,0.2,-1.8224054037034512,1e-05,8000,942.2015380859375,-0.04193568229675293,,
-83.48,7.05,1778,82,188,335872,-0.0013814437252585776,2089.117194366455,0.06528076171875,0.009700927,0.2,-1.8353472881019115,1e-05,8100,1055.4556884765625,0.0103226900100708,,
-84.71,7.8,1799,83,188,339968,-0.00975205726128479,2275.499888000488,0.18888427734375,0.013976499,0.2,-1.8543222054839135,1e-05,8200,1024.0281982421875,0.03951370716094971,,
-81.85,6.13,1821,84,188,344064,-0.013165965719672386,2948.197449645996,0.10503173828125,0.021576297,0.2,-1.8298324131965638,1e-05,8300,989.4905395507812,-0.008047938346862793,,
-88.5,8.49,1843,85,188,348160,-0.0045331699000962546,2433.3492414855955,0.12728515625,0.010799638,0.2,-1.8566832581162453,1e-05,8400,1045.2855224609375,0.07882505655288696,,
-97.61,7.14,1864,86,188,352256,-0.008777079874707851,2408.9251931762697,0.16133056640625,0.013153445,0.2,-1.845840577185154,1e-05,8500,1015.5872192382812,0.06968313455581665,,
-70.41,8.85,1886,87,188,356352,-0.01521675047741155,4521.359734802246,0.09297119140625,0.0259899,0.2,-1.8644193682074546,1e-05,8600,1607.3902587890625,0.015442728996276855,,
-82.93,10.64,1908,88,188,360448,0.0005254724113910924,2482.802211303711,0.05663818359375,0.008166208,0.2,-1.8506512463092804,1e-05,8700,1306.6885986328125,0.07485181093215942,,
-84.11,8.31,1930,89,188,364544,-0.011407759042049293,3812.407626953125,0.08680908203125,0.01927906,0.2,-1.838891167342663,1e-05,8800,1592.2274169921875,-0.015570402145385742,,
-84.3,8.86,1951,90,188,368640,-0.013072870692994912,3019.804546813965,0.07443115234375,0.02357117,0.2,-1.8467108404636383,1e-05,8900,967.5174560546875,0.028190970420837402,,
-95.38,8.5,1973,91,188,372736,-0.01179345578129869,3196.8068812561037,0.04643798828125,0.01358355,0.2,-1.8473973536491395,1e-05,9000,1214.9739990234375,-0.12856817245483398,,
,,,,,375000,-0.021587641234218607,4997.765230102539,0.0867578125,0.04204333,0.2,-1.8088983762264252,1e-05,9100,1231.185302734375,0.07647675275802612,21.2,-195.26
-80.55,8.87,1996,92,188,376832,,,,,,,,,,,,
-88.32,7.62,2018,93,188,380928,-0.00035345339201739987,2459.779390258789,0.09653564453125,0.009197256,0.2,-1.834239771962166,1e-05,9200,946.5011596679688,0.02157527208328247,,
-89.93,6.95,2040,94,188,385024,-0.011795553232004749,2388.4374877929686,0.0337744140625,0.02011846,0.2,-1.8325205947458745,1e-05,9300,747.7245483398438,-0.05623972415924072,,
-83.97,9.02,2061,95,188,389120,-0.004467346766978153,2045.7736846923829,0.069775390625,0.0091274455,0.2,-1.8263145749270917,1e-05,9400,805.9556274414062,0.06319713592529297,,
-108.85,9.45,2084,96,188,393216,-0.011613489279843634,3093.668882751465,0.05214111328125,0.020779513,0.2,-1.8284347878396512,1e-05,9500,1073.5545654296875,0.06034892797470093,,
-74.23,8.73,2107,97,188,397312,-0.017602889129775576,4083.363341674805,0.04718994140625,0.03803201,0.2,-1.8211411990225315,1e-05,9600,1067.741455078125,-0.043721675872802734,,
-88.97,8.12,2129,98,188,401408,-0.009972508550417843,3105.807716674805,0.0609130859375,0.015970921,0.2,-1.8441949573159218,1e-05,9700,896.7227783203125,-0.07002913951873779,,
-97.12,8.11,2152,99,188,405504,-0.010297408759361132,3283.086845550537,0.07406005859375,0.018731643,0.2,-1.8285044944286346,1e-05,9800,1148.8660888671875,0.007315695285797119,,
-79.92,9.07,2175,100,188,409600,-0.015489554594096263,4015.217929840088,0.0701611328125,0.027883062,0.2,-1.8044782474637031,1e-05,9900,1174.071044921875,0.03008359670639038,,
-73.07,8.44,2197,101,188,413696,3.0611609836341814e-05,2389.4755494689944,0.0874609375,0.009084896,0.2,-1.8013291431963443,1e-05,10000,959.38818359375,0.0637274980545044,,
-91.41,9.73,2220,102,188,417792,-0.0048489154342678375,2075.8927029418946,0.11283935546875,0.009318661,0.2,-1.812370071709156,1e-05,10100,809.909423828125,-0.027028441429138184,,
-80.86,6.7,2243,103,188,421888,-0.007461507080151932,2165.056941986084,0.08476318359375,0.011123171,0.2,-1.8242954309284687,1e-05,10200,941.4888916015625,0.15463238954544067,,
-75.9,9.65,2265,104,187,425984,-0.004765509573408053,2503.3566384887695,0.0784033203125,0.008638952,0.2,-1.831135534644127,1e-05,10300,1068.5491943359375,0.1105756163597107,,
-81.39,9.2,2289,105,187,430080,-0.0010616369769559243,2495.498681945801,0.0200830078125,0.007539126,0.2,-1.8240781083703042,1e-05,10400,1005.9048461914062,0.10139739513397217,,
-107.79,14.09,2312,106,187,434176,-0.004529660444968613,2113.2721054077147,0.11123046875,0.009247445,0.2,-1.7998302721977233,1e-05,10500,829.312744140625,0.17183798551559448,,
-88.92,8.25,2335,107,187,438272,-0.026852794221485964,7194.595772399903,0.1551123046875,0.034065075,0.2,-1.7933085906505584,1e-05,10600,1727.76318359375,0.011342108249664307,,
-78.29,7.42,2358,108,187,442368,-0.012800013679079712,3709.8270516967773,0.14337158203125,0.015799547,0.2,-1.8236945125460624,1e-05,10700,1228.58740234375,-0.03575396537780762,,
-90.4,10.0,2381,109,187,446464,-0.004022656184533843,2140.6317070007326,0.13134033203125,0.014863317,0.2,-1.8375998465716838,1e-05,10800,840.5357055664062,0.15217608213424683,,
,,,,,450000,-0.015949821257963778,3906.428331298828,0.03199462890625,0.013846292,0.2,-1.8348891325294971,1e-05,10900,1166.81689453125,0.0701175332069397,29.38,-679.94
-87.63,8.14,2406,110,187,450560,,,,,,,,,,,,
-91.66,9.37,2429,111,187,454656,-0.012015238674794091,3192.8157841491698,0.0566796875,0.016174488,0.2,-1.837327127456665,1e-05,11000,1139.8922119140625,0.05551844835281372,,
-99.78,9.04,2452,112,187,458752,-0.01037161938875215,3398.3017443847657,0.0377880859375,0.015228398,0.2,-1.8288999535143375,1e-05,11100,983.3657836914062,0.09481233358383179,,
-78.91,8.21,2475,113,186,462848,-0.010529234738569357,2991.3233267211913,0.03939453125,0.014986685,0.2,-1.8046052180230618,1e-05,11200,874.827392578125,-0.08444714546203613,,
-102.43,8.9,2497,114,186,466944,-0.0013020173495169728,2219.964687652588,0.06496337890625,0.008398661,0.2,-1.800811104774475,1e-05,11300,747.60302734375,0.10088193416595459,,
-95.9,9.04,2520,115,186,471040,-0.016953168568288674,3251.8621018981935,0.0464697265625,0.020851528,0.2,-1.8046769699454308,1e-05,11400,928.7073364257812,0.0030916929244995117,,
-77.74,7.85,2543,116,186,475136,-0.012219063153315802,2619.7089393615724,0.05181396484375,0.016935948,0.2,-1.8299415448307992,1e-05,11500,927.5107421875,0.09039455652236938,,
-83.09,8.24,2565,117,186,479232,-0.0033688145606720356,2222.981515197754,0.06134033203125,0.008536214,0.2,-1.8533032889664174,1e-05,11600,1026.494140625,0.1408035159111023,,
-86.37,9.5,2588,118,186,483328,-0.010729520805180073,3067.7983911132815,0.03770751953125,0.010880757,0.2,-1.8422625881433488,1e-05,11700,865.1875610351562,-0.03406846523284912,,
-75.75,7.49,2610,119,186,487424,-0.004688614578481065,2300.372013092041,0.0571142578125,0.008067193,0.2,-1.8457743100821973,1e-05,11800,1001.3045654296875,0.07820659875869751,,
-111.4,10.24,2633,120,186,491520,-0.011318616883363575,2668.923810119629,0.05624267578125,0.013308035,0.2,-1.829117817878723,1e-05,11900,984.495361328125,0.0084306001663208,,
-84.5,8.82,2655,121,186,495616,-0.02222438283264637,4095.419406585693,0.07019287109375,0.028759222,0.2,-1.8294005343317985,1e-05,12000,1137.3701171875,0.04802221059799194,,
-88.19,5.91,2677,122,186,499712,-0.00607658722627093,2180.5713093566897,0.098818359375,0.009417608,0.2,-1.8372701014578343,1e-05,12100,910.5714721679688,-0.09846603870391846,,
-75.28,7.67,2700,123,186,503808,-0.005513903626269894,2512.638570251465,0.10083984375,0.011803749,0.2,-1.8371838036179542,1e-05,12200,1193.745361328125,0.1346595287322998,,
-87.03,9.5,2722,124,186,507904,-0.011181951473845401,3321.148469848633,0.0409130859375,0.012649423,0.2,-1.8378614914417266,1e-05,12300,1168.5982666015625,-0.04538834095001221,,
-98.9,8.65,2747,125,186,512000,-0.005576948546804488,2224.605496673584,0.08768798828125,0.008958962,0.2,-1.8060041853785516,1e-05,12400,889.0377197265625,0.1411340832710266,,
-78.06,10.07,2770,126,186,516096,-0.010462357714714017,3144.016044769287,0.02376953125,0.00938995,0.2,-1.791374179124832,1e-05,12500,1008.0679931640625,0.012171626091003418,,
-95.42,6.03,2794,127,186,520192,-0.004386808565905085,2458.7196923828124,0.0925732421875,0.012076808,0.2,-1.8201767855882645,1e-05,12600,996.3579711914062,0.08312445878982544,,
-81.44,8.51,2818,128,186,524288,-0.01255715799081372,2859.7229791259765,0.03939453125,0.014777467,0.2,-1.8274390204250812,1e-05,12700,1073.7034912109375,0.11012619733810425,,
,,,,,525000,-0.0037866300902533114,2141.0889608764646,0.0379443359375,0.007922297,0.2,-1.8197643786668778,1e-05,12800,876.8040771484375,0.14588779211044312,30.5,-1015.52
-83.66,8.92,2844,129,185,528384,,,,,,,,,,,,
-88.53,7.99,2868,130,185,532480,-0.01397815258911578,3083.1078150939943,0.04667236328125,0.019977722,0.2,-1.8205438564717769,1e-05,12900,1214.0467529296875,0.024816036224365234,,
-83.55,6.77,2891,131,185,536576,-0.0035606866484158674,2089.4921490478514,0.032080078125,0.007935131,0.2,-1.82685894921422,1e-05,13000,831.2841186523438,0.11998003721237183,,
-96.34,11.28,2915,132,185,540672,-0.006017005301400786,2073.4373910522463,0.12289306640625,0.010777988,0.2,-1.8299733743071556,1e-05,13100,826.5642700195312,0.021385014057159424,,
-80.74,8.26,2939,133,185,544768,-0.022141303838725434,5604.053088226318,0.06884521484375,0.02162264,0.2,-1.80328342795372,1e-05,13200,1198.396728515625,-0.09324276447296143,,
-83.18,7.14,2963,134,185,548864,-0.0068073286657454445,2142.3963192749025,0.12287353515625,0.011884013,0.2,-1.8170617112517358,1e-05,13300,900.2284545898438,0.0723373293876648,,
-94.31,9.79,2987,135,185,552960,-0.005654569697508122,2225.8186001586914,0.12090576171875,0.0108741205,0.2,-1.823012140840292,1e-05,13400,956.2938842773438,0.13339018821716309,,
-77.86,10.39,3011,136,184,557056,-0.010101433616800931,3677.005331726074,0.04022705078125,0.010242419,0.2,-1.8312056306004525,1e-05,13500,1172.013916015625,-0.08784139156341553,,
-91.05,8.22,3035,137,184,561152,-0.01508609834156232,4160.04289855957,0.03704345703125,0.016885165,0.2,-1.832654632627964,1e-05,13600,1180.898193359375,0.1236456036567688,,
-85.5,7.27,3059,138,184,565248,-0.003118846332799876,1858.4813063049316,0.07825439453125,0.010516531,0.2,-1.8390250489115716,1e-05,13700,760.7933959960938,0.05346137285232544,,
-88.41,8.47,3083,139,184,569344,-0.012951782513991929,2774.3016993713377,0.10593505859375,0.017636083,0.2,-1.8385226488113404,1e-05,13800,761.4387817382812,0.05425304174423218,,
-73.87,7.93,3106,140,184,573440,-0.009320271438919009,3125.820567321777,0.02790771484375,0.013968239,0.2,-1.8303241136670112,1e-05,13900,989.4278564453125,0.06778073310852051,,
-83.09,8.8,3130,141,184,577536,-0.01838888419762952,4810.880567321778,0.06396728515625,0.032887857,0.2,-1.816725969016552,1e-05,14000,1385.1810302734375,-0.17265450954437256,,
-85.73,7.47,3153,142,184,581632,0.0011991285490512383,2007.9722204589843,0.04431884765625,0.008828726,0.2,-1.8249515354633332,1e-05,14100,850.3806762695312,0.053286969661712646,,
-87.82,8.86,3177,143,184,585728,-0.005696033989443095,2056.796660003662,0.11032470703125,0.011661645,0.2,-1.8148818711936474,1e-05,14200,892.3909301757812,0.11220234632492065,,
-87.93,10.19,3200,144,184,589824,-0.01194108260635403,2463.3614765930174,0.04326904296875,0.013075074,0.2,-1.798382606804371,1e-05,14300,777.6433715820312,0.09485113620758057,,
-87.12,9.05,3224,145,184,593920,-0.028998888155329042,8061.638151550293,0.08419921875,0.037777096,0.2,-1.7768842200934887,1e-05,14400,1774.8001708984375,-0.09003353118896484,,
-72.95,9.43,3247,146,184,598016,-0.009403881417383672,3103.8333299255373,0.05086181640625,0.012837712,0.2,-1.7843897739052772,1e-05,14500,970.048828125,-0.05509841442108154,,
,,,,,600000,-0.0023830983754305635,2378.9768548583984,0.08819091796875,0.010622941,0.2,-1.7751626132428646,1e-05,14600,1007.1000366210938,-0.035576701164245605,29.58,-778.5
-90.58,6.76,3273,147,183,602112,,,,,,,,,,,,
-98.26,11.51,3296,148,183,606208,-0.009114232350402745,1954.768574371338,0.12434814453125,0.011436072,0.2,-1.7803983101248742,1e-05,14700,832.586181640625,0.01733565330505371,,
-81.19,8.12,3319,149,183,610304,-0.010527001264563296,3161.971913146973,0.07435546875,0.014642228,0.2,-1.7812432354688645,1e-05,14800,971.1172485351562,-0.0034095048904418945,,
-78.29,9.74,3342,150,183,614400,-0.012270207210676745,3077.8958419799806,0.04265380859375,0.012468107,0.2,-1.7785897865891456,1e-05,14900,1298.8026123046875,0.07202214002609253,,
-77.39,7.35,3366,151,183,618496,-0.006573143895511748,1988.9335897827148,0.07271728515625,0.010869769,0.2,-1.802332817465067,1e-05,15000,872.7421264648438,0.13888424634933472,,
-78.21,10.47,3389,152,183,622592,-0.00409361136800726,2200.9474281311036,0.06471435546875,0.009345741,0.2,-1.7798674027621746,1e-05,15100,988.1514282226562,0.09051835536956787,,
-73.28,8.36,3412,153,183,626688,-0.006147976835563895,1881.7599630737304,0.05552001953125,0.009242155,0.2,-1.7919616781175136,1e-05,15200,746.3314819335938,0.24140751361846924,,
-112.92,10.76,3435,154,183,630784,-0.0024456077607464977,2146.3457789611816,0.05404296875,0.0072507025,0.2,-1.7893441143631934,1e-05,15300,934.079833984375,0.1336415410041809,,
-66.25,10.16,3459,155,183,634880,-0.024316426747245715,6522.021630859375,0.11331787109375,0.053916782,0.2,-1.763161024749279,1e-05,15400,1382.798583984375,-0.26266729831695557,,
-81.42,6.99,3482,156,183,638976,-0.002704635861155111,2606.072635345459,0.108095703125,0.011379649,0.2,-1.7860116663575172,1e-05,15500,972.1286010742188,-0.04876077175140381,,
